id,label
199980,0
54,1
57,1
61,1
69,1
56,1
81,1
70,1
86,1
62,1
71,1
72,1
58,1
63,1
73,1
74,1
64,1
75,1
76,1
53,1
55,1
59,1
77,1
65,1
78,1
66,1
79,1
80,1
60,1
67,1
82,1
83,1
68,1
84,1
85,1
110,1
111,1
112,1
113,1
114,1
115,1
87,1
117,1
118,1
89,1
119,1
120,1
90,1
121,1
123,1
93,1
126,1
128,1
94,1
135,1
136,1
95,1
137,1
141,1
100,1
142,1
153,1
116,1
107,1
125,1
122,1
132,1
134,1
131,1
146,1
148,1
140,1
150,1
151,1
157,1
154,1
156,1
159,1
164,1
108,1
163,1
124,1
127,1
165,1
129,1
130,1
88,1
133,1
138,1
91,1
139,1
143,1
92,1
144,1
145,1
96,1
147,1
149,1
97,1
152,1
155,1
98,1
158,1
160,1
99,1
161,1
162,1
101,1
102,1
103,1
104,1
105,1
106,1
109,1
180,1
181,1
182,1
183,1
184,1
185,1
186,1
187,1
188,1
189,1
190,1
191,1
192,1
193,1
194,1
195,1
196,1
197,1
198,1
199,1
200,1
201,1
202,1
203,1
204,1
205,1
206,1
207,1
208,1
209,1
212,1
213,1
214,1
215,1
216,1
217,1
218,1
219,1
220,1
210,1
211,1
166,1
167,1
168,1
169,1
170,1
171,1
172,1
173,1
174,1
175,1
176,1
177,1
178,1
179,1
221,1
222,1
223,1
224,1
225,1
226,1
227,1
228,1
229,1
230,1
231,1
232,1
233,1
234,1
235,1
236,1
237,1
238,1
239,1
240,1
241,1
242,1
243,1
244,1
245,1
246,1
247,1
248,1
249,1
250,1
251,1
252,1
253,1
254,1
255,1
256,1
257,1
258,1
259,1
260,1
261,1
262,1
263,1
264,1
265,1
266,1
268,1
269,1
270,1
271,1
272,1
273,1
274,1
275,1
267,1
310,1
311,1
312,1
313,1
314,1
315,1
316,1
317,1
318,1
319,1
320,1
321,1
322,1
323,1
324,1
325,1
326,1
327,1
280,1
296,1
276,1
277,1
278,1
279,1
281,1
282,1
283,1
284,1
285,1
286,1
287,1
288,1
289,1
290,1
291,1
292,1
293,1
294,1
295,1
297,1
298,1
299,1
300,1
301,1
302,1
303,1
304,1
305,1
306,1
307,1
308,1
309,1
328,1
329,1
330,1
331,1
332,1
333,1
334,1
335,1
336,1
337,1
338,1
339,1
340,1
341,1
342,1
343,1
344,1
345,1
346,1
347,1
348,1
349,1
350,1
351,1
352,1
353,1
354,1
355,1
356,1
357,1
358,1
359,1
360,1
361,1
362,1
363,1
364,1
365,1
366,1
367,1
368,1
369,1
370,1
371,1
372,1
373,1
374,1
375,1
376,1
377,1
378,1
379,1
380,1
381,1
382,1
383,1
384,1
385,1
386,1
387,1
388,1
389,1
390,1
391,1
392,1
393,1
394,1
395,1
396,1
397,1
398,1
399,1
400,1
401,1
402,1
403,1
404,1
405,1
406,1
407,1
408,1
409,1
410,1
411,1
412,1
413,1
414,1
415,1
416,1
417,1
418,1
419,1
420,1
421,1
422,1
423,1
424,1
425,1
426,1
427,1
428,1
429,1
430,1
431,1
432,1
434,1
435,1
436,1
437,1
438,1
439,1
440,1
441,1
442,1
443,1
444,1
445,1
446,1
447,1
448,1
449,1
450,1
451,1
452,1
453,1
454,1
455,1
456,1
457,1
458,1
459,1
460,1
461,1
462,1
463,1
464,1
465,1
466,1
467,1
469,1
470,1
471,1
472,1
473,1
474,1
475,1
476,1
477,1
478,1
479,1
480,1
481,1
482,1
483,1
484,1
485,1
486,1
487,1
488,1
433,1
468,1
489,1
490,1
491,1
492,1
493,1
494,1
495,1
496,1
497,1
498,1
499,1
500,1
501,1
502,1
503,1
504,1
506,1
507,1
508,1
509,1
510,1
511,1
512,1
513,1
514,1
515,1
516,1
517,1
518,1
519,1
520,1
521,1
522,1
523,1
524,1
525,1
526,1
527,1
528,1
529,1
530,1
531,1
532,1
533,1
534,1
535,1
536,1
537,1
538,1
539,1
505,1
540,1
541,1
542,1
543,1
544,1
545,1
546,1
547,1
549,1
550,1
548,1
551,1
552,1
553,1
554,1
555,1
556,1
557,1
558,1
559,1
560,1
561,1
562,1
563,1
564,1
565,1
566,1
567,1
568,1
569,1
570,1
571,1
572,1
573,1
574,1
575,1
576,1
577,1
578,1
579,1
580,1
581,1
582,1
583,1
584,1
585,1
586,1
587,1
588,1
589,1
605,1
590,0
592,1
593,1
594,1
595,1
596,1
598,1
599,1
600,1
602,1
603,1
604,1
606,1
607,1
591,0
601,1
597,1
624,0
621,1
622,0
653,1
634,0
637,1
628,0
629,1
642,0
612,0
626,0
609,1
636,0
611,1
630,0
614,1
640,0
616,1
632,0
619,1
646,0
623,1
650,0
625,1
654,0
627,1
652,0
631,1
656,0
633,1
648,0
635,1
620,0
639,1
657,1
641,1
608,0
643,1
618,0
645,1
610,0
647,1
613,0
649,1
638,0
651,1
615,0
655,1
617,0
644,0
222801,0
222817,0
222808,0
222809,0
222861,0
222806,0
222863,0
222867,0
222819,0
222813,0
222804,0
222811,0
222803,0
222799,0
222797,0
222826,0
222840,0
222869,0
222836,0
222828,0
222832,0
222830,0
222849,0
222865,0
222847,0
222844,0
222857,0
222851,0
222855,0
222853,0
222822,0
222802,0
222842,0
222868,1
222866,1
222860,1
222810,1
222858,1
222807,1
222805,1
222800,1
222796,1
222798,1
222856,1
222818,1
222833,1
222816,1
222812,1
222814,1
222831,1
222823,1
222820,1
222829,1
222825,1
222827,1
222841,1
222854,1
222839,1
222835,1
222837,1
222852,1
222843,1
222850,1
222845,1
222848,1
222864,1
222862,1
222815,0
222859,0
222846,0
222834,0
222795,0
222838,0
222870,1
222824,0
222821,0
812,1
741,0
748,1
735,0
740,1
773,0
734,0
747,0
736,1
753,0
738,1
771,0
742,1
743,0
744,1
745,0
746,1
749,0
750,1
751,0
752,1
769,0
754,1
767,0
756,1
765,0
758,1
763,0
760,1
755,0
762,1
761,0
766,1
757,0
768,1
759,0
770,1
775,0
774,1
785,0
776,1
783,0
778,1
816,1
804,1
781,0
782,1
779,0
784,1
777,0
786,1
793,0
790,1
807,0
792,1
791,0
794,1
787,0
798,1
789,0
800,1
805,0
802,1
797,0
806,1
795,0
808,1
803,0
810,1
799,0
814,1
801,0
788,1
809,0
796,1
815,0
764,1
811,0
780,1
813,0
772,1
739,0
737,0
823,1
913,0
910,1
911,0
902,1
903,0
888,1
909,0
894,1
901,0
880,1
883,0
864,1
833,0
872,1
831,0
840,1
818,0
848,1
829,0
832,1
822,0
817,0
820,0
819,1
828,0
821,1
824,0
825,1
826,0
827,1
841,0
830,1
855,0
834,1
839,0
836,1
835,0
838,1
837,0
842,1
881,0
844,1
853,0
846,1
845,0
850,1
843,0
852,1
851,0
854,1
847,0
856,1
849,0
858,1
879,0
860,1
857,0
862,1
865,0
866,1
863,0
868,1
859,0
870,1
861,0
874,1
877,0
876,1
869,0
878,1
867,0
882,1
875,0
884,1
871,0
886,1
873,0
890,1
889,0
892,1
891,0
893,1
895,0
896,1
887,0
898,1
885,0
900,1
899,0
904,1
897,0
906,1
907,0
908,1
905,0
912,1
914,1
915,0
980,1
921,0
918,1
917,0
972,1
919,0
964,1
925,0
956,1
935,0
940,1
947,0
988,1
949,0
990,1
923,0
992,1
932,0
994,1
943,0
996,1
945,0
1019,1
927,0
1006,1
953,0
1025,1
951,0
1004,1
955,0
1000,1
963,0
998,1
957,0
1017,1
959,0
1015,1
961,0
948,1
973,0
1009,1
971,0
1031,1
1010,0
1013,1
969,0
1011,1
965,0
1027,1
967,0
1021,1
983,0
1023,1
977,0
1029,1
975,0
1002,1
1008,0
916,1
979,0
920,1
981,0
922,1
991,0
924,1
985,0
928,1
987,0
929,1
989,0
931,1
1007,0
934,1
1012,0
936,1
1005,0
938,1
1003,0
942,1
995,0
944,1
993,0
946,1
1001,0
950,1
997,0
952,1
999,0
954,1
1026,0
958,1
1024,0
960,1
1014,0
962,1
1022,0
966,1
1020,0
968,1
1016,0
970,1
1018,0
974,1
1030,0
976,1
1028,0
978,1
939,0
982,1
930,0
984,1
941,0
986,1
937,0
933,1
926,1
1169,0
1124,1
1161,0
1094,1
1157,0
1108,1
1167,0
1036,1
1153,0
1066,1
1171,0
1118,1
1137,0
1080,1
1129,0
1104,1
1127,0
1150,1
1131,0
1110,1
1133,0
1142,1
1125,0
1078,1
1147,0
1136,1
1149,0
1128,1
1145,0
1120,1
1144,0
1040,1
1148,0
1134,1
1165,0
1068,1
1123,0
1102,1
1139,0
1042,1
1115,0
1052,1
1111,0
1050,1
1077,0
1100,1
1113,0
1076,1
1047,0
1090,1
1032,0
1086,1
1075,0
1064,1
1045,0
1074,1
1037,0
1143,1
1035,0
1140,1
1043,0
1106,1
1039,0
1034,0
1041,0
1138,1
1073,0
1092,1
1059,0
1088,1
1051,0
1082,1
1049,0
1038,1
1057,0
1033,1
1053,0
1062,1
1055,0
1048,1
1071,0
1056,1
1063,0
1098,1
1061,0
1060,1
1069,0
1058,1
1065,0
1122,1
1067,0
1116,1
1109,0
1044,1
1095,0
1114,1
1081,0
1046,1
1079,0
1112,1
1107,0
1070,1
1093,0
1072,1
1085,0
1162,1
1084,0
1132,1
1091,0
1130,1
1087,0
1126,1
1089,0
1160,1
1105,0
1152,1
1103,0
1146,1
1101,0
1158,1
1097,0
1154,1
1099,0
1156,1
1172,1
1166,1
1117,0
1164,1
1141,0
1168,1
1151,0
1170,1
1119,0
1054,1
1121,0
1083,1
1163,0
1096,1
1135,0
1159,0
1155,0
1241,1
1214,0
1341,1
1298,0
1329,1
1208,0
1245,1
1226,0
1243,1
1334,0
1195,1
1212,0
1193,1
1196,0
1191,1
1198,0
1325,1
1194,0
1323,1
1202,0
1189,1
1302,0
1327,1
1282,0
1339,1
1180,0
1333,1
1186,0
1331,1
1176,0
1337,1
1178,0
1335,1
1188,0
1237,1
1204,0
1313,1
1268,0
1321,1
1264,0
1235,1
1260,0
1233,1
1272,0
1179,1
1252,0
1211,1
1190,0
1209,1
1224,0
1207,1
1222,0
1177,1
1348,0
1175,1
1288,0
1205,1
1336,0
1197,1
1290,0
1187,1
1250,0
1203,1
1292,0
1199,1
1200,0
1201,1
1332,0
1273,1
1322,0
1239,1
1206,0
1219,1
1296,0
1217,1
1174,0
1213,1
1314,0
1215,1
1324,0
1231,1
1244,0
1223,1
1308,0
1221,1
1210,0
1229,1
1266,0
1225,1
1338,0
1227,1
1294,0
1271,1
1344,0
1257,1
1350,0
1249,1
1270,0
1247,1
1236,0
1255,1
1238,0
1251,1
1240,0
1253,1
1280,0
1269,1
1330,0
1261,1
1192,0
1259,1
1246,0
1267,1
1286,0
1263,1
1300,0
1265,1
1232,0
1297,1
1278,0
1283,1
1242,0
1275,1
1262,0
1281,1
1304,0
1277,1
1248,0
1279,1
1274,0
1295,1
1230,0
1287,1
1228,0
1285,1
1234,0
1293,1
1184,0
1289,1
1220,0
1291,1
1340,0
1311,1
1346,0
1299,1
1216,0
1305,1
1284,0
1301,1
1342,0
1303,1
1328,0
1345,1
1320,0
1343,1
1318,0
1351,1
1312,0
1347,1
1316,0
1349,1
1258,0
1307,1
1310,0
1309,1
1256,0
1319,1
1306,0
1185,1
1326,0
1181,1
1218,0
1173,0
1276,0
1315,1
1182,0
1317,1
1254,0
1183,1
1498,0
1557,1
1375,0
1551,1
1488,0
1543,1
1369,0
1547,1
1458,0
1445,1
1494,0
1427,1
1462,0
1545,1
1450,0
1549,1
1508,0
1352,0
1492,0
1555,1
1506,0
1425,1
1444,0
1553,1
1385,0
1561,1
1472,0
1559,1
1504,0
1443,1
1486,0
1441,1
1428,0
1439,1
1379,0
1437,1
1520,0
1435,1
1482,0
1433,1
1420,0
1431,1
1440,0
1429,1
1464,0
1535,1
1468,0
1473,1
1430,0
1471,1
1552,0
1447,1
1466,0
1453,1
1554,0
1541,1
1365,0
1421,1
1418,0
1423,1
1361,0
1451,1
1454,0
1449,1
1434,0
1469,1
1502,0
1467,1
1452,0
1465,1
1484,0
1463,1
1544,0
1455,1
1560,0
1461,1
1363,0
1457,1
1403,0
1459,1
1387,0
1419,1
1456,0
1362,1
1476,0
1533,1
1367,0
1360,1
1383,0
1358,1
1556,0
1356,1
1406,0
1354,1
1534,0
1531,1
1381,0
1517,1
1546,0
1415,1
1401,0
1382,1
1474,0
1368,1
1393,0
1409,1
1377,0
1366,1
1373,0
1364,1
1532,0
1380,1
1550,0
1372,1
1371,0
1370,1
1522,0
1378,1
1395,0
1374,1
1389,0
1376,1
1412,0
1407,1
1397,0
1392,1
1416,0
1384,1
1408,0
1390,1
1399,0
1386,1
1460,0
1388,1
1446,0
1404,1
1436,0
1396,1
1470,0
1394,1
1528,0
1402,1
1490,0
1398,1
1478,0
1400,1
1524,0
1515,1
1510,0
1489,1
1526,0
1475,1
1405,0
1417,1
1410,0
1411,1
1514,0
1413,1
1518,0
1487,1
1496,0
1479,1
1426,0
1477,1
1359,0
1485,1
1558,0
1481,1
1422,0
1483,1
1536,0
1513,1
1548,0
1499,1
1530,0
1491,1
1414,0
1497,1
1512,0
1493,1
1432,0
1495,1
1538,0
1511,1
1353,0
1503,1
1442,0
1501,1
1355,0
1509,1
1357,0
1505,1
1438,0
1507,1
1542,0
1529,1
1424,0
1527,1
1500,0
1525,1
1448,0
1523,1
1480,0
1521,1
1391,0
1519,1
1540,0
1539,1
1516,0
1537,1
1573,0
1692,1
1607,0
1704,1
1565,0
1716,1
1599,0
1686,1
1577,0
1684,1
1751,0
1566,1
1601,0
1690,1
1603,0
1688,1
1743,0
1702,1
1759,0
1700,1
1765,0
1696,1
1611,0
1694,1
1581,0
1698,1
1675,0
1708,1
1567,0
1714,1
1591,0
1706,1
1671,0
1563,1
1649,0
1712,1
1648,0
1710,1
1642,0
1724,1
1646,0
1621,1
1644,0
1722,1
1659,0
1619,1
1669,0
1568,1
1657,0
1676,1
1655,0
1578,1
1667,0
1576,1
1661,0
1570,1
1665,0
1574,1
1663,0
1572,1
1685,0
1720,1
1703,0
1718,1
1683,0
1586,1
1677,0
1598,1
1681,0
1584,1
1679,0
1582,1
1691,0
1580,1
1701,0
1682,1
1689,0
1596,1
1687,0
1592,1
1699,0
1588,1
1693,0
1590,1
1697,0
1564,0
1695,0
1617,1
1605,0
1594,1
1707,0
1615,1
1741,0
1612,1
1705,0
1610,1
1717,0
1602,1
1709,0
1600,1
1715,0
1608,1
1711,0
1604,1
1763,0
1606,1
1753,0
1742,1
1747,0
1668,1
1771,0
1637,1
1609,0
1635,1
1729,0
1623,1
1723,0
1633,1
1725,0
1625,1
1761,0
1631,1
1634,0
1627,1
1632,0
1629,1
1630,0
1740,1
1636,0
1666,1
1769,0
1656,1
1571,0
1641,1
1653,0
1639,1
1597,0
1654,1
1640,0
1645,1
1613,0
1643,1
1624,0
1652,1
1733,0
1647,1
1755,0
1650,1
1622,0
1738,1
1731,0
1674,1
1727,0
1664,1
1593,0
1662,1
1719,0
1672,1
1721,0
1660,1
1651,0
1658,1
1569,0
1736,1
1735,0
1728,1
1737,0
1726,1
1739,0
1734,1
1767,0
1730,1
1757,0
1732,1
1749,0
1762,1
1745,0
1748,1
1626,0
1746,1
1562,0
1670,1
1587,0
1744,1
1713,0
1760,1
1579,0
1752,1
1575,0
1750,1
1589,0
1758,1
1614,0
1754,1
1595,0
1756,1
1628,0
1766,1
1638,0
1764,1
1673,0
1772,1
1618,0
1768,1
1616,0
1770,1
1620,0
1678,1
1585,0
1680,1
1583,0
219949,0
221103,1
221110,1
221111,1
221149,1
221150,1
221121,1
221122,1
221123,1
221124,1
221144,1
221145,1
221146,1
221134,1
221136,1
221137,1
221138,1
221140,1
221135,1
221139,1
221101,1
221102,1
221148,1
221131,1
221132,1
221158,1
221157,1
221127,1
221126,1
221133,1
219950,0
221151,1
221104,1
221105,1
221107,1
221106,1
221109,1
221099,1
221152,1
221153,1
221154,1
221155,1
221156,1
221129,1
221128,1
221130,1
221147,1
221119,1
221120,1
221116,1
221142,1
221141,1
221108,1
221114,1
221100,1
221143,1
221113,1
221112,1
221118,1
221117,1
221115,1
221125,1
219951,0
221164,1
221200,1
221201,1
221166,1
221165,1
221167,1
221181,1
221180,1
221183,1
221182,1
221205,1
221206,1
221207,1
221208,1
219952,0
221173,1
221174,1
221172,1
221176,1
221175,1
221177,1
221179,1
221178,1
221210,1
221196,1
221197,1
221212,1
221211,1
221199,1
221193,1
221195,1
221194,1
221160,1
221159,1
221161,1
221163,1
221162,1
221213,1
221214,1
221215,1
221216,1
221188,1
221190,1
221187,1
221189,1
221209,1
221202,1
221203,1
221204,1
221169,1
221171,1
221168,1
221170,1
221198,1
221185,1
221186,1
221184,1
221191,1
221192,1
219953,0
220516,1
220517,1
220520,1
220521,1
220522,1
220515,1
219954,0
220518,1
220519,1
220512,1
220513,1
220514,1
220511,1
219955,0
220553,1
220543,1
220538,1
220546,1
220540,1
220541,1
220542,1
220554,1
219956,0
220552,1
220528,1
220539,1
219957,0
220533,1
220534,1
220527,1
220526,1
220523,1
220547,1
220548,1
220549,1
220535,1
220536,1
220537,1
220550,1
220551,1
220544,1
220545,1
220525,1
220524,1
220555,1
220532,1
220531,1
220529,1
220530,1
220556,1
220557,1
220558,1
219958,0
220577,1
220578,1
220601,1
220602,1
220607,1
220608,1
220559,1
220567,1
220604,1
220603,1
220566,1
220565,1
220572,1
220560,1
220561,1
220563,1
220562,1
220579,1
220580,1
220581,1
220609,1
220611,1
220570,1
220571,1
220612,1
220594,1
220597,1
220595,1
220596,1
220598,1
220605,1
220606,1
220590,1
220600,1
220599,1
220573,1
220613,1
220583,1
220584,1
220582,1
220585,1
220586,1
220564,1
220575,1
220576,1
220574,1
220592,1
220591,1
220593,1
220610,1
220587,1
220589,1
220588,1
220569,1
220568,1
220614,1
220615,1
220619,1
220620,1
219959,0
220641,1
220633,1
220642,1
220643,1
220657,1
220631,1
220637,1
220687,1
220655,1
220656,1
220654,1
220634,1
220635,1
220636,1
220647,1
220623,1
220625,1
220624,1
220662,1
220663,1
220616,1
220618,1
220617,1
220694,1
220695,1
220681,1
220683,1
220682,1
220680,1
220684,1
220685,1
220688,1
220689,1
220690,1
220691,1
220638,1
220639,1
220640,1
220665,1
220666,1
220668,1
220664,1
220667,1
220686,1
220627,1
220628,1
220621,1
220622,1
219960,0
220669,1
220632,1
220645,1
220646,1
220648,1
220649,1
220629,1
220630,1
220692,1
220693,1
220626,1
220676,1
220673,1
220675,1
220677,1
220674,1
220671,1
220670,1
220672,1
220644,1
220658,1
220660,1
220659,1
220678,1
220679,1
220697,1
220698,1
220696,1
220651,1
220652,1
220653,1
220650,1
220661,1
219961,0
220852,1
220869,1
220870,1
220871,1
220872,1
220874,1
220835,1
220834,1
220836,1
220839,1
220841,1
220840,1
220842,1
220853,1
220855,1
220854,1
220879,1
220848,1
220844,1
220845,1
220877,1
220878,1
220846,1
220863,1
220862,1
220831,1
220867,1
220843,1
220829,1
220830,1
219962,0
220865,1
220866,1
220873,1
220832,1
220833,1
220876,1
220847,1
220857,1
220856,1
220858,1
220859,1
220868,1
220864,1
220826,1
220827,1
220828,1
220851,1
220850,1
220849,1
220875,1
220837,1
220838,1
220861,1
220860,1
219963,0
220753,1
220754,1
220775,1
220776,1
220750,1
220771,1
220772,1
220774,1
220773,1
220751,1
220752,1
220756,1
220757,1
220759,1
220758,1
220761,1
220766,1
220767,1
220763,1
220765,1
220764,1
220755,1
220769,1
220770,1
220768,1
219964,0
220749,1
220777,1
220778,1
220760,1
220762,1
220803,1
220783,1
220782,1
220788,1
220789,1
219965,0
220819,1
220787,1
219966,0
220818,1
220801,1
220800,1
220785,1
220786,1
220820,1
220821,1
220822,1
220780,1
220779,1
220795,1
220823,1
220824,1
220816,1
220794,1
220814,1
220815,1
220817,1
220802,1
220809,1
220811,1
220813,1
220812,1
220810,1
220791,1
220790,1
220793,1
220792,1
220781,1
220805,1
220796,1
220799,1
220804,1
220825,1
220807,1
220806,1
220808,1
220797,1
220798,1
220784,1
219967,0
220716,1
220717,1
220737,1
220738,1
220732,1
220745,1
220720,1
220728,1
220730,1
220729,1
220746,1
220747,1
220748,1
220725,1
220726,1
220713,1
220714,1
220723,1
220739,1
220741,1
220742,1
220740,1
220718,1
220719,1
220727,1
220724,1
220706,1
220707,1
220708,1
220701,1
220702,1
220703,1
220735,1
220736,1
220715,1
220705,1
220704,1
220721,1
220722,1
220731,1
220699,1
220700,1
220733,1
220734,1
220711,1
220709,1
220712,1
220710,1
220743,1
220744,1
219968,0
220968,1
220951,1
220952,1
220932,1
220933,1
220953,1
220954,1
220964,1
220927,1
220928,1
220956,1
220955,1
220926,1
220950,1
220963,1
220965,1
220966,1
220967,1
220971,1
220940,1
220969,1
220970,1
220929,1
220930,1
220960,1
220962,1
220961,1
220925,1
220924,1
220959,1
219969,0
220923,1
220957,1
220949,1
220948,1
220941,1
220944,1
220942,1
220943,1
220947,1
220946,1
220934,1
220958,1
220945,1
220936,1
220938,1
220937,1
220935,1
220931,1
220939,1
219970,0
221026,1
221024,1
221025,1
221034,1
221035,1
221036,1
221030,1
221028,1
221029,1
221038,1
221037,1
221041,1
221042,1
221027,1
221040,1
221039,1
221022,1
221023,1
221032,1
221031,1
221049,1
221050,1
221051,1
221019,1
221020,1
221021,1
221059,1
221016,1
221018,1
221017,1
221058,1
221052,1
221056,1
221057,1
221033,1
221013,1
221014,1
221054,1
221053,1
221055,1
221047,1
221048,1
221011,1
221012,1
221015,1
221044,1
221046,1
221043,1
221045,1
221061,1
221060,1
219971,0
221062,1
221063,1
219972,0
219973,0
220888,1
220889,1
220906,1
220907,1
220904,1
220905,1
220899,1
220900,1
220901,1
220909,1
220910,1
220911,1
220908,1
220919,1
220917,1
220918,1
220914,1
220913,1
220893,1
220891,1
220892,1
220897,1
220881,1
220882,1
220880,1
220896,1
220912,1
220922,1
220898,1
220902,1
220903,1
220920,1
220921,1
220895,1
220894,1
220890,1
220916,1
220915,1
219974,0
220884,1
220883,1
220885,1
220886,1
220887,1
219975,0
220988,1
220989,1
220990,1
220977,1
220999,1
220980,1
220981,1
220972,1
220985,1
220978,1
220997,1
220984,1
220979,1
221009,1
221008,1
221010,1
220976,1
220975,1
220995,1
220994,1
220996,1
221001,1
221002,1
219976,0
221003,1
221004,1
221006,1
221007,1
221005,1
220986,1
220987,1
220998,1
220993,1
220992,1
220991,1
221000,1
220973,1
220974,1
220983,1
220982,1
219977,0
219978,0
220061,1
220062,1
220067,1
220055,1
220044,1
220059,1
220058,1
220066,1
220042,1
220043,1
220041,1
220054,1
220070,1
220060,1
220057,1
220074,1
220051,1
220045,1
220052,1
220063,1
220069,1
220049,1
220068,1
220056,1
220071,1
220072,1
220073,1
219979,0
220048,1
220047,1
220046,1
220053,1
220050,1
220065,1
220040,1
220064,1
220108,1
220099,1
220104,1
220105,1
220103,1
220080,1
220079,1
220115,1
220098,1
220088,1
220086,1
220087,1
220077,1
220082,1
220083,1
220111,1
220094,1
220095,1
220075,1
220106,1
220107,1
220101,1
220100,1
220102,1
220114,1
220081,1
220112,1
220113,1
220096,1
220097,1
220110,1
220109,1
220078,1
220076,1
220090,1
220091,1
220092,1
220093,1
220089,1
220085,1
220084,1
219980,0
219981,0
220196,1
220197,1
220134,1
220191,1
220189,1
220190,1
220158,1
220157,1
220159,1
220142,1
220143,1
220138,1
220170,1
220155,1
220174,1
220175,1
220186,1
220181,1
220160,1
220161,1
220162,1
220192,1
220193,1
220163,1
220127,1
220171,1
220140,1
220121,1
220122,1
220139,1
220133,1
220149,1
220150,1
220151,1
220187,1
220188,1
219982,0
220176,1
220177,1
220144,1
220119,1
220120,1
220183,1
220184,1
220185,1
220135,1
220136,1
220137,1
220168,1
220169,1
220166,1
220167,1
220165,1
220124,1
219983,0
220145,1
220146,1
220128,1
220129,1
220182,1
220199,1
220172,1
220173,1
220178,1
220180,1
220179,1
220116,1
220125,1
220126,1
220123,1
220141,1
220152,1
220154,1
220153,1
220156,1
220198,1
220131,1
220130,1
220194,1
220195,1
220117,1
220132,1
220164,1
220147,1
220148,1
220118,1
220200,1
219984,0
220203,1
220227,1
220226,1
220222,1
220220,1
220221,1
220212,1
220213,1
220210,1
220208,1
220209,1
220224,1
220214,1
220215,1
220223,1
220225,1
220211,1
220219,1
220205,1
220204,1
220207,1
220206,1
220202,1
220201,1
220217,1
220216,1
220218,1
219985,0
220261,1
220237,1
220236,1
220238,1
220265,1
220248,1
220249,1
220250,1
220251,1
220231,1
220259,1
220258,1
220257,1
220232,1
220262,1
220264,1
220263,1
220275,1
220269,1
220253,1
220254,1
220255,1
220256,1
220260,1
220273,1
220272,1
220271,1
219986,0
220235,1
220233,1
220234,1
220274,1
220266,1
220268,1
220267,1
220270,1
220240,1
220239,1
220247,1
220244,1
220246,1
220245,1
220252,1
220243,1
220242,1
220241,1
220229,1
220228,1
220230,1
220289,1
220280,1
220290,1
220276,1
220277,1
220278,1
220279,1
220286,1
220284,1
220285,1
220288,1
220287,1
220283,1
220281,1
220282,1
219987,0
220312,1
220323,1
220306,1
220307,1
220308,1
220309,1
220314,1
220313,1
220316,1
220315,1
220324,1
220325,1
220326,1
220321,1
220304,1
220303,1
220305,1
220293,1
220294,1
220295,1
220299,1
220300,1
220317,1
220318,1
220310,1
220311,1
220302,1
220301,1
220296,1
220298,1
220297,1
220322,1
220320,1
220291,1
220292,1
220319,1
219988,0
220364,1
220365,1
220366,1
220343,1
220341,1
220342,1
220347,1
220346,1
220348,1
220356,1
220357,1
220359,1
220358,1
220336,1
220370,1
220363,1
220361,1
220362,1
220344,1
220345,1
220352,1
220353,1
220354,1
220355,1
220368,1
220367,1
220369,1
220339,1
220340,1
220337,1
220338,1
220351,1
220350,1
220360,1
220349,1
219989,0
220331,1
220328,1
220329,1
220327,1
220335,1
220333,1
220332,1
220334,1
220330,1
219990,0
220421,1
220423,1
220422,1
220384,1
220373,1
220374,1
220420,1
220418,1
220419,1
220417,1
220395,1
220394,1
220396,1
220413,1
220425,1
220424,1
220426,1
220377,1
220378,1
219991,0
220410,1
220379,1
220380,1
220404,1
220381,1
220376,1
220375,1
220382,1
220383,1
219992,0
220388,1
220386,1
220387,1
220402,1
220400,1
220401,1
220430,1
220385,1
220405,1
220392,1
220390,1
220391,1
220393,1
220427,1
220412,1
220411,1
220416,1
220414,1
220415,1
220429,1
220428,1
220389,1
220407,1
220406,1
220408,1
220397,1
220398,1
220403,1
220399,1
220371,1
220372,1
220409,1
219993,0
220496,1
220494,1
220495,1
220497,1
220459,1
220483,1
220484,1
220432,1
220431,1
220443,1
220442,1
219994,0
220477,1
220476,1
220478,1
220469,1
220468,1
220470,1
220449,1
220448,1
220450,1
220510,1
220508,1
220509,1
219995,0
220453,1
220471,1
220481,1
220480,1
220492,1
220491,1
220499,1
220465,1
220490,1
220440,1
220475,1
220438,1
220436,1
220435,1
220437,1
220454,1
220455,1
220456,1
220439,1
220489,1
220479,1
220506,1
220507,1
220493,1
220434,1
220433,1
220458,1
220501,1
220502,1
220457,1
220486,1
220487,1
220504,1
220505,1
220485,1
219996,0
220460,1
220498,1
220464,1
220452,1
220451,1
220474,1
220503,1
220445,1
220446,1
220444,1
220447,1
220467,1
220466,1
220463,1
220500,1
220441,1
220462,1
220461,1
220472,1
220473,1
220488,1
220482,1
219997,0
221074,1
221075,1
221076,1
221068,1
221069,1
221073,1
221091,1
221092,1
221080,1
221079,1
221078,1
221077,1
221090,1
221093,1
221071,1
221095,1
221096,1
221097,1
221098,1
221094,1
221082,1
221081,1
221083,1
221084,1
221086,1
221085,1
221072,1
221064,1
221066,1
221067,1
221065,1
219998,0
221070,1
221088,1
221087,1
221089,1
219999,0
221276,1
221286,1
221287,1
221305,1
221306,1
221272,1
221263,1
221281,1
221273,1
221274,1
221307,1
221275,1
221269,1
221271,1
221270,1
221299,1
221277,1
221278,1
221289,1
221288,1
221279,1
221298,1
220000,0
221283,1
221282,1
221284,1
221285,1
221302,1
221303,1
221291,1
221290,1
221293,1
221292,1
221280,1
221308,1
221296,1
221297,1
221261,1
221262,1
221304,1
221264,1
221266,1
221265,1
221267,1
221268,1
221294,1
221295,1
221300,1
221301,1
220001,0
221218,1
221217,1
221252,1
221233,1
221224,1
221226,1
221225,1
221241,1
221240,1
221256,1
221258,1
221257,1
221227,1
221231,1
221249,1
221229,1
221230,1
221243,1
221244,1
221219,1
221234,1
221239,1
220002,0
221254,1
221255,1
221253,1
221242,1
221223,1
221222,1
221245,1
221246,1
221248,1
221260,1
221259,1
221250,1
221251,1
221247,1
221220,1
221221,1
221228,1
221232,1
221237,1
221236,1
221238,1
221235,1
220003,0
221360,1
221329,1
221330,1
221319,1
221337,1
221340,1
221339,1
221309,1
221322,1
221320,1
221321,1
221343,1
221341,1
221342,1
221359,1
221350,1
221349,1
221351,1
220004,0
221312,1
221318,1
221313,1
221361,1
221310,1
221311,1
221348,1
221328,1
221327,1
221375,1
221370,1
221369,1
221356,1
221357,1
221344,1
221315,1
221316,1
221335,1
221336,1
221345,1
221374,1
221373,1
221324,1
221325,1
221358,1
221314,1
221355,1
221354,1
221352,1
221353,1
221365,1
221364,1
221368,1
221367,1
221366,1
221317,1
221323,1
221363,1
221362,1
221326,1
221371,1
221372,1
221332,1
221331,1
221347,1
221346,1
221334,1
221333,1
221338,1
220005,0
221458,1
221474,1
221471,1
221470,1
221472,1
221479,1
221467,1
221466,1
221475,1
221476,1
221461,1
221487,1
221463,1
221462,1
221468,1
221469,1
221477,1
221478,1
221473,1
221488,1
221489,1
221481,1
221480,1
221464,1
221456,1
221482,1
221491,1
221490,1
221457,1
221465,1
221492,1
221459,1
221460,1
221483,1
221486,1
221485,1
221484,1
220006,0
221412,1
221378,1
221388,1
221389,1
221402,1
221403,1
221390,1
221396,1
221395,1
221381,1
221382,1
221387,1
221377,1
221376,1
221385,1
221411,1
221410,1
221404,1
221394,1
221392,1
221391,1
221393,1
221379,1
221383,1
221384,1
221386,1
220007,0
221406,1
221405,1
221407,1
221400,1
221399,1
221401,1
221380,1
221408,1
221409,1
221398,1
221397,1
221437,1
221438,1
221433,1
221423,1
221425,1
221443,1
221434,1
221436,1
221435,1
221421,1
221424,1
221422,1
221453,1
221452,1
221431,1
221432,1
221430,1
221454,1
221455,1
221429,1
221428,1
221448,1
221451,1
221450,1
221449,1
221419,1
221418,1
221420,1
221417,1
221441,1
221442,1
221414,1
221413,1
221415,1
221439,1
221440,1
221445,1
221444,1
221446,1
221447,1
221426,1
221427,1
221416,1
220008,0
221526,1
221528,1
221527,1
221508,1
221509,1
221546,1
221543,1
221545,1
221544,1
221505,1
221532,1
221496,1
221515,1
221537,1
221514,1
221503,1
221535,1
221523,1
221541,1
221542,1
221525,1
221504,1
221516,1
221517,1
221540,1
221539,1
221550,1
221551,1
221494,1
221519,1
221533,1
221534,1
221506,1
221507,1
221498,1
220009,0
221524,1
221531,1
221536,1
221497,1
221511,1
221510,1
221549,1
221500,1
221501,1
221502,1
221520,1
221521,1
221522,1
221529,1
221548,1
221493,1
221530,1
221499,1
221538,1
221518,1
221512,1
221513,1
221547,1
221495,1
220010,0
221613,1
221614,1
221618,1
221617,1
221637,1
221622,1
221583,1
221584,1
221606,1
221610,1
221609,1
221589,1
221586,1
221588,1
221633,1
221555,1
221556,1
221596,1
221598,1
221597,1
221562,1
221579,1
221590,1
221591,1
221561,1
221560,1
221564,1
221612,1
221611,1
221602,1
221577,1
221578,1
221601,1
221636,1
221635,1
221572,1
221571,1
221615,1
221616,1
221559,1
221558,1
221566,1
221567,1
221585,1
221573,1
221626,1
221625,1
221627,1
220011,0
221580,1
221569,1
221568,1
221565,1
221629,1
221630,1
221600,1
221599,1
221628,1
221563,1
221608,1
221607,1
221624,1
221623,1
221582,1
221604,1
221603,1
221632,1
221631,1
221592,1
221554,1
221553,1
221587,1
221581,1
221576,1
221574,1
221575,1
221557,1
221605,1
221552,1
221621,1
221620,1
221634,1
221595,1
221619,1
221570,1
221593,1
221594,1
220012,0
221638,1
221639,1
221683,1
221667,1
221668,1
221663,1
221662,1
221687,1
221688,1
221689,1
221692,1
221693,1
221682,1
221686,1
221669,1
221674,1
221673,1
221646,1
221675,1
221656,1
221655,1
221657,1
221652,1
221648,1
221647,1
221671,1
221670,1
221660,1
221684,1
221685,1
221643,1
221642,1
221641,1
221676,1
221678,1
221677,1
221691,1
221690,1
221672,1
221665,1
221664,1
221650,1
221649,1
221666,1
221653,1
221651,1
220013,0
221699,1
221698,1
221640,1
221681,1
221680,1
221694,1
221696,1
221697,1
221695,1
221679,1
221654,1
221658,1
221659,1
221644,1
221661,1
221645,1
220014,0
221799,1
221798,1
221781,1
221782,1
221800,1
221801,1
221769,1
221771,1
221770,1
221806,1
221762,1
221763,1
221765,1
221804,1
221805,1
221790,1
221792,1
221791,1
221757,1
221764,1
221802,1
221797,1
221780,1
221808,1
221809,1
221810,1
221796,1
221755,1
221756,1
221759,1
221784,1
221754,1
221773,1
221774,1
221772,1
221766,1
221775,1
220015,0
221758,1
221761,1
221760,1
221776,1
221768,1
221779,1
221811,1
221807,1
221812,1
221815,1
221788,1
221789,1
221767,1
221777,1
221814,1
221813,1
221803,1
221783,1
221778,1
221793,1
221795,1
221794,1
221785,1
221787,1
221786,1
220016,0
221709,1
221705,1
221706,1
221700,1
221735,1
221727,1
221726,1
221725,1
221720,1
221708,1
221719,1
221711,1
221710,1
221737,1
221744,1
221736,1
221721,1
221722,1
221749,1
221724,1
221729,1
221728,1
221750,1
221718,1
221716,1
221717,1
221748,1
221746,1
221747,1
221745,1
221704,1
221723,1
221743,1
221751,1
221752,1
221739,1
221742,1
220017,0
221703,1
221753,1
221738,1
221734,1
221707,1
221740,1
221741,1
221712,1
221713,1
221731,1
221732,1
221733,1
221730,1
221701,1
221702,1
221714,1
221715,1
220018,0
221832,1
221849,1
221845,1
221847,1
221844,1
221846,1
221848,1
221850,1
221823,1
221824,1
221836,1
221835,1
221843,1
221838,1
221831,1
221822,1
221821,1
221826,1
221825,1
221841,1
221840,1
221839,1
221817,1
221816,1
221818,1
221837,1
221820,1
221819,1
221842,1
221830,1
221828,1
221827,1
221829,1
221834,1
221833,1
221851,1
220019,0
221857,1
221854,1
221867,1
221868,1
221860,1
221861,1
221863,1
221856,1
221862,1
221852,1
221865,1
221864,1
221858,1
221859,1
221866,1
221853,1
221855,1
220020,0
221891,1
221893,1
221890,1
221892,1
221954,1
221941,1
221885,1
221877,1
221876,1
221894,1
221913,1
221921,1
221926,1
221911,1
221929,1
221915,1
221916,1
221917,1
221897,1
221914,1
221958,1
221957,1
221896,1
221895,1
221920,1
221943,1
221959,1
221960,1
221875,1
221906,1
221956,1
221961,1
221942,1
221928,1
221953,1
221884,1
220021,0
221888,1
221871,1
221870,1
221869,1
221908,1
221907,1
221910,1
221909,1
221946,1
221947,1
221948,1
221949,1
221931,1
221930,1
221889,1
221955,1
221872,1
221944,1
221886,1
221887,1
221873,1
221874,1
221927,1
221939,1
221940,1
221952,1
221919,1
221937,1
221938,1
221936,1
221902,1
221904,1
221905,1
221903,1
221925,1
221924,1
221878,1
221879,1
221918,1
221951,1
221950,1
221898,1
221900,1
221899,1
221901,1
221932,1
221881,1
221880,1
221923,1
221922,1
221945,1
221933,1
221935,1
221934,1
221912,1
221882,1
221883,1
220022,0
221971,1
221973,1
221972,1
221984,1
221989,1
221990,1
221980,1
221981,1
221964,1
221967,1
221969,1
221970,1
221968,1
221985,1
221986,1
221974,1
221983,1
221982,1
221988,1
221987,1
221965,1
221966,1
221979,1
221978,1
221991,1
221992,1
221975,1
221962,1
221963,1
221976,1
221977,1
220023,0
222030,1
222029,1
222031,1
221997,1
222023,1
222022,1
222058,1
222059,1
222042,1
222043,1
222008,1
222036,1
222035,1
222032,1
222033,1
222034,1
222020,1
222021,1
222037,1
222038,1
222039,1
222040,1
222019,1
222026,1
222046,1
222025,1
222024,1
222050,1
222051,1
222049,1
222016,1
222017,1
222061,1
222060,1
222052,1
222053,1
222009,1
222007,1
220024,0
222015,1
222010,1
222012,1
222011,1
222005,1
222001,1
222000,1
222041,1
221999,1
222013,1
222014,1
222056,1
222018,1
222006,1
221993,1
221994,1
221995,1
221998,1
222028,1
222027,1
221996,1
222044,1
222045,1
222003,1
222002,1
222004,1
222064,1
222057,1
222048,1
222047,1
222062,1
222063,1
222055,1
222054,1
220025,0
222069,1
222071,1
222072,1
222070,1
222073,1
222075,1
222074,1
222065,1
222067,1
222068,1
222066,1
222105,1
222107,1
222087,1
222088,1
222136,1
222095,1
222099,1
222098,1
222094,1
222093,1
222127,1
222119,1
222129,1
222118,1
222124,1
222091,1
222100,1
222092,1
222106,1
222090,1
222089,1
222101,1
222117,1
222116,1
222112,1
222132,1
220026,0
222125,1
222126,1
222138,1
222128,1
222111,1
222110,1
222081,1
222082,1
222084,1
222085,1
222083,1
222078,1
222076,1
222077,1
222097,1
222096,1
222121,1
222120,1
222134,1
222135,1
222079,1
222080,1
222109,1
222108,1
222122,1
222123,1
222113,1
222131,1
222139,1
222141,1
222140,1
222086,1
222130,1
222102,1
222114,1
222115,1
222133,1
222103,1
222104,1
222137,1
220027,0
222212,1
222143,1
222190,1
222224,1
222150,1
222151,1
222207,1
222205,1
222206,1
222219,1
222218,1
222185,1
222186,1
222184,1
222159,1
222158,1
222200,1
222201,1
222202,1
222220,1
222155,1
222197,1
222195,1
222196,1
222217,1
222204,1
222162,1
222161,1
222160,1
222144,1
222146,1
222145,1
222227,1
222193,1
222168,1
222199,1
222214,1
222216,1
222215,1
222181,1
222180,1
220028,0
222178,1
222154,1
222153,1
222152,1
222166,1
222167,1
222177,1
222157,1
222156,1
222213,1
222164,1
222163,1
222165,1
222171,1
222148,1
222149,1
222147,1
222175,1
222222,1
222223,1
222203,1
222170,1
222169,1
222174,1
222173,1
222172,1
222189,1
222182,1
222183,1
222179,1
222209,1
222211,1
222208,1
222210,1
222194,1
222198,1
222142,1
222187,1
222225,1
222226,1
222192,1
222191,1
222176,1
222188,1
222221,1
220029,0
222256,1
222230,1
222261,1
222262,1
222250,1
222251,1
222240,1
222249,1
222239,1
222267,1
222263,1
222243,1
222242,1
222244,1
222259,1
222232,1
222231,1
222229,1
222228,1
222253,1
222254,1
222248,1
222265,1
222264,1
222266,1
222245,1
222233,1
222234,1
222235,1
222246,1
222255,1
222241,1
222236,1
222237,1
222247,1
222260,1
222257,1
222238,1
222252,1
222258,1
222269,1
222268,1
220030,0
222271,1
222270,1
222288,1
222283,1
222297,1
222291,1
222292,1
222306,1
222309,1
222277,1
222300,1
222276,1
222273,1
222281,1
222282,1
222301,1
222302,1
222305,1
222287,1
222274,1
222304,1
222303,1
222290,1
222293,1
222295,1
222294,1
222296,1
222299,1
222298,1
222275,1
222284,1
222285,1
222286,1
222308,1
222307,1
222289,1
222278,1
222279,1
222272,1
222280,1
220031,0
222343,1
222351,1
222353,1
222352,1
222349,1
222341,1
222345,1
222346,1
222350,1
222340,1
222347,1
222344,1
222342,1
222348,1
222355,1
222354,1
222356,1
220032,0
222321,1
222322,1
222319,1
222311,1
222339,1
220033,0
222314,1
222326,1
222317,1
222330,1
222316,1
222310,1
222335,1
222318,1
222327,1
222312,1
222315,1
222338,1
222336,1
222320,1
222324,1
222337,1
222329,1
222331,1
222333,1
222332,1
222328,1
222334,1
222323,1
222313,1
222325,1
220034,0
222383,1
222380,1
222428,1
222429,1
222382,1
222422,1
222437,1
222387,1
222389,1
222388,1
222370,1
222379,1
222416,1
222362,1
222363,1
222364,1
222397,1
222395,1
222396,1
222366,1
222408,1
222394,1
222393,1
222400,1
222374,1
222399,1
222434,1
222436,1
222435,1
222358,1
222409,1
222410,1
222433,1
222405,1
222406,1
222368,1
222367,1
222369,1
222377,1
222378,1
222357,1
222398,1
220035,0
222414,1
222372,1
222411,1
222401,1
222402,1
222425,1
222384,1
222359,1
222360,1
222431,1
222381,1
222361,1
222426,1
222373,1
222413,1
222412,1
222424,1
222438,1
222371,1
222427,1
222420,1
222365,1
222407,1
222375,1
222419,1
222418,1
222392,1
222404,1
222417,1
222385,1
222386,1
222403,1
222430,1
222376,1
222423,1
222432,1
222390,1
222415,1
222391,1
222421,1
222439,1
222440,1
220036,0
222506,1
222510,1
222485,1
222502,1
222495,1
222484,1
222459,1
222526,1
222527,1
222525,1
222509,1
222475,1
222445,1
222499,1
222498,1
222471,1
222470,1
222474,1
222453,1
222500,1
222518,1
222447,1
222448,1
222449,1
222489,1
222508,1
222507,1
222483,1
222496,1
222460,1
222452,1
222444,1
222443,1
222458,1
222503,1
222450,1
222504,1
222468,1
222467,1
222469,1
220037,0
222472,1
222524,1
222490,1
222491,1
222511,1
222473,1
222497,1
222505,1
222441,1
222512,1
222442,1
222520,1
222523,1
222521,1
222522,1
222519,1
222513,1
222482,1
222464,1
222486,1
222451,1
222493,1
222492,1
222494,1
222465,1
222466,1
222488,1
222487,1
222461,1
222462,1
222463,1
222514,1
222517,1
222515,1
222516,1
222456,1
222457,1
222454,1
222455,1
222501,1
222477,1
222476,1
222446,1
222478,1
222480,1
222481,1
222479,1
220038,0
222538,1
222539,1
222540,1
222544,1
222559,1
222560,1
222561,1
222543,1
222542,1
222541,1
222549,1
222548,1
222564,1
222563,1
222529,1
222528,1
222570,1
222569,1
222537,1
222535,1
222536,1
222553,1
222555,1
222552,1
222554,1
222530,1
222580,1
222579,1
222531,1
222545,1
222546,1
222547,1
222582,1
222574,1
222575,1
222556,1
222557,1
222558,1
222532,1
222551,1
222562,1
222584,1
222583,1
222572,1
222573,1
222571,1
222581,1
222533,1
222534,1
222576,1
222568,1
222565,1
222566,1
222567,1
222550,1
222577,1
222578,1
222607,1
222612,1
222611,1
222610,1
222593,1
222605,1
222601,1
222588,1
222587,1
222590,1
222589,1
222595,1
222613,1
222597,1
222592,1
222608,1
222609,1
222594,1
222620,1
222621,1
220039,0
222606,1
222599,1
222617,1
222602,1
222619,1
222603,1
222600,1
222591,1
222616,1
222604,1
222598,1
222618,1
222615,1
222585,1
222586,1
222596,1
222614,1
219947,0
219359,0
219360,0
219361,0
219362,0
219363,0
219364,0
219365,0
219366,0
219367,0
219368,0
219948,0
219424,0
219425,0
219426,0
219427,0
219428,0
219429,0
219430,0
219431,0
219432,0
219433,0
219434,0
219435,0
219436,0
219437,0
219438,0
219439,0
218789,0
219440,0
218790,0
219441,0
218791,0
219442,0
218792,0
219443,1
218793,0
219444,0
218794,0
219445,0
218795,0
219446,0
218796,0
219447,1
218797,0
219448,0
218798,0
219449,0
218799,0
219450,0
219451,0
219452,0
219453,0
219454,0
219455,0
219456,0
219457,0
219458,0
218800,0
219459,0
218801,0
219460,0
219461,0
219462,0
219463,0
218802,1
219464,0
218803,0
219465,0
218804,1
219466,0
218805,0
219467,0
218806,0
219468,0
218807,1
219469,1
218808,1
218809,1
219470,0
218810,1
218811,1
219471,0
218812,0
219472,0
218813,0
219473,0
218814,1
219474,0
218815,0
219475,0
218816,0
219476,0
218819,1
218817,1
218818,1
219477,0
218820,0
218821,0
218822,0
218823,0
218826,1
218825,1
218824,1
218827,1
218828,0
218829,0
218830,0
218831,0
218832,0
218833,0
218834,0
218836,1
218835,1
218837,0
218838,0
218839,0
218840,0
218841,0
218842,0
218843,0
218844,0
218845,0
218846,0
218847,0
218848,0
218849,1
218851,1
218850,1
218852,1
218853,1
218854,1
218855,0
218857,1
218858,1
218856,1
218859,0
218860,0
218861,0
218862,0
218863,0
218864,0
218865,0
218866,0
218867,0
218868,0
218869,0
218870,0
218871,0
218872,1
218873,0
218874,0
218875,0
218876,0
218877,0
218878,0
218879,0
218880,0
218881,0
218882,1
218884,1
218883,1
218885,0
218886,0
218887,0
218888,0
218889,0
218890,0
218891,0
218892,0
218893,0
218894,0
218895,1
218896,1
218897,0
218898,0
218899,0
218900,0
218901,0
218902,1
218903,0
218904,0
218905,0
218906,1
218907,1
218908,0
218909,0
218910,0
218911,0
218912,0
218913,0
218914,1
218915,1
218916,1
218917,0
218918,0
218919,0
218920,0
218921,0
218922,0
218923,0
218924,0
218925,0
218926,0
218927,0
218928,1
218931,1
218929,1
218930,1
218932,0
218933,0
218934,1
218935,1
218937,1
218938,1
218936,1
218939,0
218940,1
218941,0
218942,0
218943,0
218944,0
218945,0
218946,0
218948,1
218949,1
218947,1
218950,0
2330,1
218951,0
219478,0
218953,1
218952,1
219479,0
218954,1
219480,0
218955,1
219481,1
218956,1
219482,1
218957,1
218958,1
219483,1
219484,1
218959,0
219485,1
218960,1
218961,1
218962,1
219486,1
218963,1
219487,0
218964,0
218965,1
219488,0
218966,1
219489,0
218967,1
219490,1
218968,1
219491,1
218969,1
219492,0
218970,1
219493,0
218971,1
218972,1
219494,0
218973,1
219495,1
218974,1
219496,0
218975,0
219497,0
218977,1
218976,1
219498,0
218978,1
219499,0
218979,1
218980,1
219500,0
218981,1
219501,0
218984,1
218983,1
218982,1
219502,1
218986,1
218987,1
218985,1
219503,0
218989,1
218988,1
219504,1
218990,1
219505,0
218991,0
219506,0
218993,1
218992,1
218994,1
219507,0
218995,1
219508,0
218996,1
219509,0
218997,1
219510,0
218998,1
219511,0
219000,1
218999,1
219001,1
219513,1
219514,1
219512,1
219002,0
219515,0
219003,1
219517,1
219516,1
219004,0
219518,0
219005,1
219519,1
219520,1
219006,0
219521,1
219007,0
219522,0
219008,1
219009,1
219523,0
219010,1
219524,1
219525,1
219011,1
219526,0
219012,0
219527,0
219013,0
219528,0
219015,1
219017,1
219019,1
219014,1
219016,1
219021,1
219020,1
219018,1
219529,1
219022,1
219530,1
219023,1
219531,0
219024,1
219532,0
219533,0
219025,0
219535,1
219536,1
219534,1
219026,0
219537,1
219538,1
219027,0
219539,1
219028,0
219540,0
219029,0
219541,0
219030,0
219542,0
219031,0
219543,0
219032,0
219544,1
219033,0
219545,1
219034,0
219546,1
219035,0
219547,1
219036,0
219548,1
219037,0
219549,0
219038,0
219550,0
219039,0
219551,0
219040,0
219552,0
219041,0
219553,0
219042,0
219554,0
219043,0
219555,0
219044,0
219556,0
219045,0
219557,1
219046,0
219558,1
219559,1
219047,0
219561,1
219560,1
219048,0
219562,1
219049,0
219563,0
219050,0
219564,1
219051,0
219565,0
219052,0
219567,1
219566,1
219053,0
219568,0
219054,1
219569,0
219055,0
219571,1
219570,1
219056,0
219572,0
219057,0
219573,0
219058,0
219574,1
219059,0
219575,0
219060,0
219576,0
219061,1
219577,0
219063,1
219062,1
219578,0
219064,0
219579,0
219065,1
219580,0
219066,0
219581,0
219067,1
219582,0
219068,1
219583,1
219069,1
219584,0
219070,0
219585,0
219071,1
219586,0
219072,0
219587,0
219073,0
219588,0
219074,0
219589,0
219075,1
219076,0
219590,0
219077,0
219591,0
219078,0
219592,0
219079,0
219593,0
219080,0
219594,0
219081,1
219595,0
219082,0
219596,0
219083,1
219084,1
219597,0
219085,0
219598,0
219086,0
219599,0
219087,1
219600,0
219088,0
219601,1
219089,0
219602,0
219090,0
219603,0
219091,0
219604,0
219092,0
219605,0
219093,0
219606,0
219094,0
219607,0
219095,0
219608,0
219096,0
219609,0
219097,0
219610,0
219098,0
219611,1
219099,1
219612,1
219100,0
219613,1
219101,0
219615,1
219614,1
219102,0
219616,1
219103,0
219617,1
219618,1
219104,0
219620,1
219619,1
219105,0
219621,0
219106,0
219622,0
219107,0
219623,0
219108,0
219624,1
219109,0
219625,1
219110,0
219626,1
219111,0
219627,0
219112,0
219628,0
219113,0
219629,1
219114,0
219631,1
219630,1
219115,0
219632,1
219633,1
219116,0
219634,1
219117,0
219635,0
219118,0
219636,0
219119,1
219637,1
219120,0
219638,1
219639,1
219121,0
219640,1
219122,0
219641,1
219642,1
219123,0
219643,0
219124,0
219644,0
219125,0
219645,0
219126,0
219647,1
219646,1
219127,0
219128,0
219129,0
219130,0
219131,0
219132,0
219133,0
219134,0
219135,0
219136,0
219137,0
219138,0
219139,0
219140,0
2331,1
219648,0
219141,0
219649,0
219142,0
219650,0
219143,1
219651,0
219144,1
219652,1
219145,1
219653,0
219146,0
219654,0
219147,0
219655,0
219148,0
219656,0
219149,1
219657,0
219150,1
219658,0
219151,0
219659,0
219152,0
219660,1
219154,1
219153,1
219661,0
219155,1
219157,1
219156,1
219662,0
219160,1
219158,1
219159,1
219663,0
219161,1
219664,1
219163,1
219162,1
219665,0
219164,1
219165,1
219166,1
219666,1
219667,1
219171,1
219170,1
219168,1
219169,1
219167,1
219668,0
219172,1
219173,1
219669,0
219175,1
219176,1
219174,1
219670,0
219179,1
219178,1
219177,1
219671,0
219180,0
219672,0
219181,1
219182,1
219673,0
219183,0
219674,0
219184,0
219675,0
219185,1
219186,1
219676,1
219677,1
219188,1
219189,1
219187,1
219679,1
219678,1
219190,0
219680,0
219191,1
219193,1
219192,1
219681,1
219194,1
219682,0
219196,1
219195,1
219683,0
219197,1
219684,0
219198,1
219685,0
219199,1
219686,0
219201,1
219200,1
219687,1
219688,1
219202,1
219690,1
219689,1
219691,1
219203,1
219204,1
219205,1
219692,1
219206,0
219693,1
219207,0
219695,1
219694,1
219208,1
219696,1
219697,1
219210,1
219209,1
219698,0
219211,1
219699,0
219212,1
219213,1
219701,1
219700,1
219215,1
219214,1
219703,1
219702,1
219704,1
219216,0
219705,1
219706,1
219707,1
219217,1
219712,1
219708,1
219709,1
219710,1
219711,1
219218,1
219713,1
219714,1
219715,1
219219,1
219716,1
219717,1
219718,1
2332,1
2334,1
2333,1
219719,0
219220,1
219720,0
219223,1
219222,1
219221,1
219721,0
219224,1
219225,1
219722,0
219226,0
219723,0
219228,1
219227,1
219724,1
219230,1
219229,1
219725,0
219231,1
219726,0
219232,1
219234,1
219233,1
219727,0
219235,1
219729,1
219728,1
219236,0
219730,0
219238,1
219237,1
219732,1
219731,1
219239,1
219733,0
219242,1
219240,1
219241,1
219734,0
219244,1
219243,1
219735,0
219245,1
219736,0
219246,1
219247,1
219737,0
219249,1
219250,1
219248,1
219738,1
219251,0
219739,0
219252,0
219740,0
219254,1
219253,1
219741,0
219256,1
219255,1
219742,1
219257,1
219743,0
219260,1
219259,1
219258,1
219744,0
219261,1
219745,0
219263,1
219264,1
219262,1
219746,0
219265,0
219747,0
219266,1
219748,0
219267,1
219749,0
219268,1
219271,1
219270,1
219269,1
219750,0
219272,0
219751,0
219273,1
219275,1
219274,1
219752,0
219281,1
219279,1
219280,1
219276,1
219277,1
219278,1
219753,0
219282,0
219754,0
219283,0
219755,0
219284,1
219756,0
219286,1
219285,1
219757,0
219287,1
219758,0
219289,1
219288,1
219759,0
219291,1
219290,1
219760,0
2335,1
2336,1
219292,1
219761,0
219293,0
219762,0
219294,0
219763,0
219295,0
219764,1
219296,1
219765,1
219298,1
219297,1
219299,1
219766,0
219300,1
219301,1
219303,1
219302,1
219767,0
219305,1
219304,1
219768,0
219306,0
219769,0
219307,0
219770,1
219308,1
219309,1
219771,0
219310,1
219772,1
219312,1
219311,1
219773,1
219313,0
219774,0
219314,1
219775,0
219315,1
219316,1
219776,0
219317,1
219318,1
219777,0
219319,0
219778,0
219320,0
219779,0
219321,1
219780,0
219322,1
219781,0
219323,1
219325,1
219324,1
219326,1
219782,1
219327,0
219783,0
219328,1
219784,0
219329,1
219785,0
219330,0
219786,0
219331,0
219787,1
219332,1
219788,1
219333,1
219789,0
219334,0
219790,0
219335,0
219791,0
219336,1
219792,0
219337,1
219793,0
219338,0
219794,0
219339,0
219795,0
219340,0
219796,0
219341,0
219797,0
219342,0
219798,0
219343,1
219799,0
219344,0
219800,0
219345,0
219801,0
219347,1
219346,1
219802,1
219803,1
219348,1
219804,0
219351,1
219349,1
219350,1
219805,0
219352,0
219806,0
219354,1
219353,1
219807,0
219355,1
219808,1
219357,1
219356,1
219809,1
219810,1
219358,0
219811,0
219369,0
219812,0
219372,1
219373,1
219371,1
219370,1
219374,1
219813,1
219375,0
219814,0
219377,1
219376,1
219815,0
219379,1
219378,1
219380,1
219816,1
219382,1
219381,1
219817,1
219384,1
219383,1
219818,1
219386,1
219387,1
219385,1
219819,0
219391,1
219392,1
219388,1
219389,1
219390,1
219821,1
219820,1
219822,1
219823,0
219824,0
219825,0
219826,0
219827,0
219828,0
219829,1
219830,1
219831,0
219832,0
219833,0
219834,0
219835,0
219837,1
219836,1
219838,0
219839,1
219840,1
219841,1
219842,0
219845,1
219844,1
219843,1
219846,1
219847,1
219848,0
219849,1
219850,1
219851,1
219852,1
219853,0
219855,1
219854,1
219857,1
219856,1
219858,0
2403,1
2408,1
2405,1
2407,1
2406,1
2404,1
219859,0
219393,0
2337,1
219394,1
219860,1
219395,1
219861,1
219396,0
219862,0
219398,1
219397,1
219863,1
219399,1
219864,1
219400,1
219865,0
219401,1
219866,1
219402,1
219403,1
219867,1
219404,1
219406,1
219405,1
219868,1
219407,0
219869,0
219408,0
219870,0
219409,1
219871,0
219410,1
219873,1
219872,1
219411,1
219874,0
219412,0
219875,0
219413,1
219876,0
219414,1
219877,0
219415,0
219878,0
219416,0
219879,0
219417,1
219880,0
219418,1
219881,0
219419,1
219882,0
219420,0
219883,0
219421,1
219884,0
219422,0
219885,1
219423,1
219886,1
219887,1
219888,1
219889,0
219890,0
219891,1
219892,1
219893,0
219894,0
219895,0
219896,0
219897,0
219898,0
219899,0
219900,1
219901,0
219902,0
219903,0
219904,1
219905,0
219906,0
219907,0
219909,1
219908,1
219910,1
219911,0
219912,0
219913,0
2338,1
219914,1
219915,1
219916,1
219917,1
219919,1
219918,1
219920,1
219921,1
219923,1
219922,1
219924,1
219927,1
219925,1
219926,1
219930,1
219928,1
219931,1
219929,1
219932,1
219933,1
219934,0
219935,0
219937,1
219936,1
219938,1
219939,0
219940,0
219941,1
219942,1
219943,1
219944,1
219945,1
219946,1
2409,1
2410,1
2413,1
2412,1
2411,1
2415,1
2414,1
2416,1
2417,1
2418,1
2420,1
2419,1
2421,1
2424,1
2423,1
2422,1
2341,1
2342,1
2340,1
2343,1
2345,1
2344,1
2346,1
2347,1
2348,1
2349,1
2353,1
2350,1
2357,1
2352,1
2351,1
2356,1
2354,1
2355,1
2361,1
2360,1
2359,1
2358,1
2471,1
2472,1
2474,1
2476,1
2477,1
2481,1
2479,1
2482,1
2484,1
2483,1
2478,1
2480,1
2485,1
2488,1
2487,1
2486,1
2490,1
2489,1
2368,1
2495,1
2428,1
2362,1
2494,1
2369,1
2429,1
2493,1
2367,1
2364,1
2432,1
2491,1
2492,1
2363,1
2366,1
2433,1
2430,1
2431,1
2370,1
2426,1
2497,1
2427,1
2365,1
2425,1
2496,1
2374,1
2435,1
2375,1
2371,1
2434,1
2436,1
2373,1
2372,1
2380,1
2500,1
2503,1
2501,1
2498,1
2441,1
2376,1
2442,1
2439,1
2381,1
2499,1
2378,1
2379,1
2443,1
2440,1
2502,1
2437,1
2438,1
2377,1
2444,1
2446,1
2505,1
2382,1
2445,1
2384,1
2504,1
2383,1
2447,1
2448,1
2506,1
2449,1
2385,1
2387,1
2507,1
2508,1
2386,1
2450,1
2452,1
2511,1
2509,1
2510,1
2391,1
2392,1
2389,1
2388,1
2390,1
2451,1
2397,1
2515,1
2396,1
2399,1
2518,1
2513,1
2457,1
2458,1
2516,1
2517,1
2398,1
2395,1
2459,1
2512,1
2401,1
2514,1
2394,1
2456,1
2453,1
2402,1
2393,1
2455,1
2454,1
2400,1
2546,0
2561,0
2543,1
2555,0
2549,0
2532,1
2523,0
2525,0
2524,1
2526,1
2528,1
2530,1
2536,1
2540,1
2527,0
2529,0
2531,0
2533,0
2535,0
2542,0
2541,0
2537,0
2551,0
2547,0
2544,0
2522,1
2553,0
2559,0
2557,0
2560,1
2554,1
2545,1
2538,1
2539,0
2534,1
2552,1
2548,1
2562,1
2550,1
2556,1
2558,1
2570,1
201552,0
201553,0
201554,0
201555,0
201556,0
201557,0
201558,0
201559,0
201560,0
201561,0
2565,1
2566,1
2567,1
2568,1
2569,1
2571,1
2563,1
2564,1
2572,1
201562,0
201563,0
201564,0
201565,0
201566,0
201567,0
201568,0
201569,0
201570,0
2573,1
2574,1
2575,1
2576,1
2577,1
2578,1
2579,1
2580,1
2581,1
201795,0
201796,0
201797,0
201798,0
201799,0
201800,0
201801,0
201802,0
201803,0
201804,0
201805,0
201806,0
201807,0
201808,0
201809,0
201810,0
201811,0
201812,0
201813,0
2582,1
2583,1
2584,1
2585,1
2586,1
2588,1
2590,1
2595,1
2596,1
2597,1
2598,1
2599,1
2594,1
2592,1
2589,1
2587,1
2591,1
2600,1
2593,1
201707,0
201708,0
201709,0
201710,0
201711,0
201712,0
201713,0
201714,0
201715,0
201716,0
201717,0
201718,0
201719,0
201720,0
201721,0
2602,1
2603,1
2604,1
2606,1
2607,1
2609,1
2601,1
2608,1
2613,1
2610,1
2611,1
2605,1
2614,1
2615,1
2612,1
2618,1
2626,1
2619,1
2632,1
201601,0
201602,0
201603,0
201604,0
201605,0
201606,0
201607,0
201608,0
201609,0
201610,0
201611,0
201612,0
201613,0
201614,0
201615,0
201616,0
201617,0
2616,1
2622,1
2627,1
2628,1
2629,1
2630,1
2631,1
2621,1
2624,1
2617,1
2623,1
2620,1
2625,1
2647,1
2633,1
2634,1
2636,1
2637,1
2640,1
2641,1
2642,1
2643,1
2648,1
2651,1
2652,1
2653,1
2654,1
2655,1
2658,1
2646,1
2644,1
2635,1
2657,1
2645,1
2639,1
2638,1
2649,1
2656,1
2650,1
201087,0
201088,0
201089,0
201090,0
201091,0
201092,0
201093,0
201094,0
201095,0
201096,0
201097,0
201098,0
201099,0
201100,0
201101,0
201102,0
201103,0
201104,0
201105,0
201106,0
201107,0
201108,0
201109,0
201110,0
201111,0
201112,0
201993,0
201994,0
201995,0
201996,0
201997,0
2663,1
2659,1
2660,1
2661,1
2662,1
2674,1
201571,0
201572,0
201573,0
201574,0
201575,0
201576,0
201577,0
201578,0
201579,0
201580,0
201581,0
201582,0
2666,1
2672,1
2664,1
2667,1
2668,1
2669,1
2670,1
2673,1
2671,1
2675,1
2665,1
2677,1
2685,1
2683,1
2682,1
2686,1
2676,1
2679,1
2680,1
2684,1
2687,1
2678,1
2681,1
201113,0
201114,0
201115,0
201116,0
201117,0
201118,0
201119,0
201120,0
201121,0
201122,0
201123,0
201124,0
2697,1
2701,1
2700,1
2696,1
2689,1
2694,1
201960,0
201961,0
201962,0
201963,0
201964,0
201965,0
201966,0
201967,0
201968,0
201969,0
201970,0
201971,0
201972,0
201973,0
201974,0
2690,1
2702,1
2698,1
2688,1
2693,1
2691,1
2699,1
2695,1
2692,1
2703,1
201734,0
201735,0
201736,0
201737,0
201738,0
201739,0
201740,0
2706,1
201741,0
2707,1
2709,1
2708,1
2705,1
2704,1
2714,1
2719,1
2711,1
2721,1
2726,1
201874,0
201875,0
201876,0
201877,0
201878,0
201879,0
201880,0
201881,0
201882,0
201883,0
201884,0
201885,0
201886,0
201887,0
201888,0
201889,0
201890,0
201891,0
2716,1
2724,1
2722,1
2712,1
2715,1
2717,1
2725,1
2723,1
2710,1
2720,1
2727,1
2713,1
2718,1
2741,1
2740,1
2737,1
2734,1
2733,1
2728,1
2735,1
2744,1
2743,1
2738,1
2736,1
2731,1
2732,1
2730,1
2745,1
2742,1
2739,1
2729,1
201125,0
201126,0
201127,0
201128,0
201129,0
201130,0
201131,0
201132,0
201133,0
201134,0
201135,0
201136,0
201137,0
201138,0
201139,0
201140,0
201141,0
201142,0
2748,1
2756,1
2753,1
2754,1
2747,1
2752,1
201892,0
201893,0
201894,0
201895,0
201896,0
201897,0
201898,0
201899,0
201900,0
201901,0
201902,0
201903,0
201904,0
201905,0
201906,0
201907,0
2750,1
2751,1
2757,1
2758,1
2761,1
2755,1
2759,1
2760,1
2749,1
2746,1
2764,1
2772,1
201654,0
201655,0
201656,0
201657,0
201658,0
201659,0
201660,0
201661,0
201662,0
201663,0
201664,0
201665,0
201666,0
201667,0
201668,0
201669,0
201670,0
201671,0
2768,1
2769,1
2773,1
2774,1
2775,1
2776,1
2777,1
2763,1
2778,1
2779,1
2762,1
2767,1
2765,1
2770,1
2766,1
2771,1
201583,0
201584,0
201585,0
201586,0
201587,0
201588,0
201589,0
201590,0
201591,0
201592,0
201593,0
201594,0
201595,0
201596,0
201597,0
201598,0
201599,0
201600,0
2781,1
2780,1
2783,1
2784,1
2785,1
2786,1
2787,1
2788,1
2789,1
2791,1
2792,1
2794,1
2795,1
2797,1
2796,1
2793,1
2790,1
2782,1
2800,1
201983,0
201975,0
201976,0
201977,0
201978,0
201979,0
201980,0
201981,0
201982,0
201984,0
201985,0
201986,0
201988,0
201989,0
201990,0
201992,0
2810,1
2805,1
2798,1
2801,1
2802,1
2803,1
2804,1
2806,1
2807,1
2809,1
2811,1
2812,1
2813,1
2814,1
2815,1
2808,1
2799,1
201987,0
201991,0
201923,0
201918,0
201919,0
201920,0
201921,0
201922,0
201924,0
2817,1
2816,1
2818,1
2819,1
2820,1
2821,1
2822,1
201763,0
201764,0
201765,0
201766,0
201767,0
201768,0
201769,0
201770,0
201771,0
201772,0
2832,1
2830,1
2823,1
2824,1
2825,1
2826,1
2827,1
2828,1
2829,1
2831,1
201633,0
201634,0
201635,0
201636,0
201637,0
201638,0
201639,0
201640,0
201641,0
201642,0
201643,0
201644,0
2833,1
2834,1
2844,1
2839,1
2835,1
2836,1
2837,1
2838,1
2840,1
2841,1
2842,1
2843,1
2857,1
2851,1
201672,0
201673,0
201674,0
201675,0
201676,0
201677,0
201678,0
201679,0
201680,0
201681,0
201682,0
201683,0
201684,0
201685,0
201686,0
201687,0
2859,1
2858,1
2856,1
2846,1
2860,1
2847,1
2845,1
2850,1
2852,1
2848,1
2849,1
2853,1
2854,1
2855,1
201159,0
2874,1
2865,1
2864,1
2867,1
2873,1
2871,1
2863,1
2862,1
2861,1
2877,1
2869,1
2866,1
2876,1
2872,1
2870,1
2868,1
2875,1
201143,0
201144,0
201145,0
201146,0
201147,0
201148,0
201149,0
201150,0
201151,0
201152,0
201153,0
201154,0
201155,0
201156,0
201157,0
201158,0
2892,1
202045,0
202041,0
202042,0
202029,0
202030,0
202031,0
202033,0
202034,0
202048,0
2884,1
202035,0
202044,0
202038,0
2895,1
2879,1
202043,0
202046,0
2888,1
2878,1
202049,0
202047,0
202040,0
2889,1
202039,0
202036,0
202037,0
202032,0
202028,0
2886,1
2897,1
2885,1
2883,1
2882,1
2880,1
2893,1
2896,1
2894,1
2881,1
2887,1
2890,1
2891,1
2898,1
2899,1
2906,1
201160,0
201161,0
201162,0
2907,1
201163,0
201164,0
201165,0
201166,0
2908,1
201167,0
201168,0
201169,0
201170,0
2909,1
201171,0
201172,0
201173,0
201174,0
201175,0
201176,0
2911,1
201177,0
201178,0
2912,1
201179,0
201180,0
201181,0
201182,0
2913,1
201183,0
201184,0
201185,0
201186,0
2914,1
201187,0
201188,0
201189,0
201190,0
2915,1
201191,0
2916,1
2917,1
2919,1
2920,1
2921,1
2922,1
2925,1
2926,1
2929,1
2930,1
2931,1
2933,1
2934,1
2924,1
2923,1
2927,1
2910,1
2900,1
2901,1
2902,1
2903,1
2904,1
2905,1
201192,0
201193,0
201194,0
201195,0
201196,0
201197,0
201198,0
201199,0
201200,0
201201,0
201202,0
201203,0
201204,0
201205,0
201206,0
201207,0
201208,0
201209,0
201210,0
201211,0
201212,0
201213,0
201214,0
201215,0
2935,1
2936,1
2937,1
2938,1
2939,1
2940,1
2941,1
2942,1
2943,1
2944,1
2945,1
2946,1
2947,1
2948,1
2949,1
2950,1
2951,1
2952,1
2953,1
2954,1
2955,1
2956,1
2957,1
2958,1
2968,1
2963,1
2965,1
2966,1
2967,1
2970,1
2972,1
201688,0
201689,0
201690,0
201691,0
201692,0
201693,0
201694,0
201695,0
201696,0
201697,0
201698,0
201699,0
201700,0
201701,0
201702,0
201703,0
201704,0
201705,0
201706,0
2971,1
2961,1
2978,1
2969,1
2959,1
2977,1
2962,1
2974,1
2973,1
2964,1
2960,1
2975,1
201733,0
201729,0
2979,1
2981,1
2983,1
2986,1
2987,1
2989,1
2990,1
201722,0
201723,0
201724,0
201725,0
201726,0
201727,0
201728,0
201730,0
201731,0
201732,0
2985,1
2984,1
2982,1
2988,1
2980,1
2991,1
201519,0
201520,0
2992,1
2993,1
2994,1
2995,1
2996,1
2997,1
2999,1
201852,0
201853,0
201854,0
201855,0
201856,0
201857,0
201859,0
201858,0
2998,1
3000,1
201936,0
201937,0
201938,0
201939,0
3001,1
3002,1
3004,1
3003,1
201940,0
3005,1
3006,1
3007,1
3008,1
201521,0
201522,0
201523,0
201524,0
201525,0
3010,1
3009,1
201216,0
201217,0
201218,0
201219,0
201220,0
201221,0
201222,0
201223,0
201224,0
201225,0
201226,0
201227,0
201228,0
201229,0
201230,0
201231,0
201232,0
201233,0
201234,0
201235,0
201236,0
201237,0
201238,0
201239,0
201240,0
201241,0
201242,0
201243,0
3031,1
3011,1
3013,1
3015,1
3016,1
3017,1
3019,1
3020,1
3022,1
3026,1
3027,1
3030,1
3032,1
3034,1
3035,1
3029,1
3012,1
3021,1
3033,1
3023,1
3025,1
3036,1
3037,1
3028,1
3018,1
3038,1
3014,1
3024,1
3039,1
3040,1
3041,1
3043,1
3044,1
3045,1
3046,1
3047,1
3048,1
3049,1
3050,1
3051,1
3052,1
3053,1
3054,1
201842,0
201850,0
201835,0
201836,0
201837,0
201838,0
201839,0
201840,0
201841,0
201843,0
201844,0
201845,0
201847,0
201848,0
201849,0
201851,0
3042,1
3055,1
201846,0
201653,0
3056,1
3060,1
3061,1
3062,1
3063,1
3064,1
201645,0
201646,0
201647,0
201648,0
201649,0
201650,0
201651,0
201652,0
3058,1
3057,1
3059,1
201822,0
3076,1
3065,1
3066,1
3067,1
3068,1
3069,1
3072,1
3073,1
3074,1
3075,1
3077,1
3078,1
3080,1
201826,0
201830,0
201814,0
201815,0
201816,0
201817,0
201818,0
201819,0
201820,0
201821,0
201823,0
201824,0
201825,0
201827,0
201828,0
201829,0
201831,0
201832,0
201833,0
3081,1
3082,1
3071,1
3084,1
3070,1
3079,1
3083,1
3090,1
202007,0
3093,1
3094,1
3095,1
3097,1
3099,1
3100,1
3102,1
3104,1
3108,1
3098,1
202002,0
202003,0
202004,0
202005,0
202006,0
202008,0
202009,0
202010,0
202011,0
202012,0
202013,0
202014,0
202016,0
202017,0
202018,0
202020,0
202021,0
202022,0
202024,0
202025,0
202026,0
3088,1
3101,1
202027,0
3086,1
3085,1
3089,1
3109,1
202023,0
3092,1
3091,1
3087,1
3105,1
3103,1
3096,1
3106,1
3110,1
3107,1
202019,0
202015,0
3124,1
3112,1
3114,1
3116,1
3117,1
3118,1
3113,1
3119,1
3123,1
201773,0
201774,0
201775,0
201776,0
201777,0
201779,0
201780,0
201781,0
201783,0
201784,0
201785,0
201786,0
201787,0
3120,1
201778,0
3115,1
3111,1
3125,1
3122,1
3121,1
201782,0
201244,0
201245,0
201246,0
201247,0
201248,0
201249,0
201250,0
201251,0
201252,0
201253,0
201254,0
3135,1
201255,0
201256,0
201257,0
201258,0
201259,0
201260,0
201261,0
201262,0
201263,0
201264,0
201265,0
201266,0
201267,0
201268,0
201269,0
201270,0
201271,0
201272,0
201273,0
201274,0
201275,0
201276,0
201277,0
201278,0
201279,0
201280,0
201281,0
201282,0
201283,0
201284,0
201285,0
201286,0
201287,0
201288,0
201289,0
201290,0
201291,0
201292,0
201293,0
201294,0
201295,0
201296,0
201297,0
201298,0
201299,0
201300,0
201301,0
201302,0
201303,0
201304,0
201305,0
3160,1
3126,1
3128,1
3129,1
3130,1
3131,1
3132,1
3134,1
3136,1
3138,1
3139,1
3140,1
3141,1
3142,1
3143,1
3144,1
3145,1
3146,1
3147,1
3149,1
3150,1
3151,1
3152,1
3153,1
3154,1
3155,1
3156,1
3157,1
3159,1
3162,1
3163,1
3165,1
3166,1
3167,1
3168,1
3169,1
3170,1
3171,1
3172,1
3173,1
3174,1
3175,1
3176,1
3177,1
3178,1
3179,1
3180,1
3182,1
3183,1
3184,1
3185,1
3161,1
3181,1
3187,1
3164,1
3186,1
3133,1
3158,1
3137,1
3127,1
3148,1
201789,0
201791,0
201792,0
201793,0
3188,1
3189,1
3191,1
3192,1
201794,0
3190,1
201790,0
201788,0
3194,1
3193,1
3196,1
201619,0
201618,0
201620,0
201622,0
201623,0
201624,0
201626,0
201627,0
201628,0
201630,0
201631,0
201632,0
201625,0
3195,1
3197,1
3200,1
3201,1
3202,1
3203,1
3206,1
3207,1
3208,1
3205,1
201629,0
3204,1
3199,1
3209,1
3198,1
201621,0
3222,1
201959,0
201957,0
201955,0
201946,0
201947,0
201948,0
201949,0
201950,0
201952,0
201953,0
201954,0
201956,0
201958,0
3210,1
3211,1
3215,1
3217,1
3218,1
201951,0
3219,1
3220,1
3223,1
3213,1
3216,1
3214,1
3221,1
3212,1
201306,0
201307,0
201308,0
201309,0
201310,0
201311,0
201312,0
201313,0
201314,0
201315,0
201316,0
201317,0
3224,1
3226,1
3231,1
3233,1
3225,1
3235,1
3232,1
3228,1
3230,1
3227,1
3234,1
3229,1
201318,0
201319,0
201320,0
201321,0
201322,0
201323,0
201324,0
201325,0
201326,0
201327,0
201328,0
201329,0
201330,0
201331,0
201332,0
201333,0
201334,0
201335,0
201336,0
201337,0
201338,0
201339,0
201340,0
201341,0
201342,0
201343,0
201344,0
201345,0
201346,0
201347,0
201348,0
201349,0
201350,0
201351,0
201352,0
201353,0
3242,1
3243,1
3245,1
3247,1
3248,1
3249,1
3250,1
3251,1
3252,1
3255,1
3256,1
3257,1
3259,1
3260,1
3263,1
3268,1
3270,1
3265,1
3239,1
3238,1
3240,1
3267,1
3246,1
3241,1
3236,1
3237,1
3271,1
3254,1
3244,1
3262,1
3269,1
3266,1
3264,1
3258,1
3253,1
3261,1
201762,0
201746,0
201758,0
3279,1
201754,0
3276,1
201742,0
201743,0
201744,0
201745,0
201747,0
201749,0
201751,0
201752,0
201753,0
201755,0
201756,0
201757,0
201759,0
201760,0
201761,0
3273,1
3275,1
3277,1
3278,1
3280,1
3281,1
3282,1
3283,1
3284,1
3285,1
3287,1
3288,1
3289,1
3290,1
3291,1
3286,1
3272,1
3274,1
3292,1
201748,0
201750,0
201533,0
201526,0
201527,0
201528,0
201529,0
201530,0
201531,0
201532,0
201534,0
201535,0
3295,1
3293,1
3294,1
3296,1
3297,1
3300,1
3298,1
3299,1
3301,1
3302,1
3305,1
201545,0
201541,0
201537,0
201536,0
201538,0
201539,0
201540,0
201542,0
201543,0
201544,0
3309,1
3310,1
3311,1
3312,1
3313,1
3314,1
3315,1
3304,1
3303,1
3342,1
201374,0
201354,0
201355,0
201356,0
201357,0
201358,0
201359,0
201360,0
201361,0
201362,0
201363,0
201364,0
201365,0
201367,0
201368,0
201369,0
201370,0
201371,0
201372,0
201373,0
201375,0
201376,0
201377,0
201379,0
201380,0
201381,0
201383,0
201384,0
201385,0
201386,0
201382,0
201378,0
201366,0
3318,1
3320,1
3325,1
3326,1
3327,1
3328,1
3330,1
3331,1
3333,1
3334,1
3335,1
3336,1
3337,1
3324,1
3338,1
3322,1
3344,1
3348,1
3350,1
3351,1
3352,1
3353,1
3347,1
3354,1
3321,1
3323,1
3345,1
3343,1
3346,1
3349,1
3340,1
3319,1
3393,1
3387,1
3376,1
3380,1
3379,1
3373,1
3368,1
3366,1
201387,0
201388,0
201389,0
201391,0
201392,0
201393,0
201395,0
201396,0
201397,0
201399,0
201400,0
201401,0
201402,0
201403,0
201404,0
201405,0
201407,0
201408,0
201409,0
201411,0
3395,1
3399,1
3394,1
3372,1
201398,0
201394,0
201390,0
3385,1
3384,1
3371,1
3390,1
3388,1
3392,1
3389,1
201410,0
3391,1
3383,1
3375,1
3369,1
3397,1
3396,1
201406,0
3365,1
3363,1
3361,1
3362,1
201927,0
3360,1
201925,0
201926,0
201928,0
201929,0
201930,0
201932,0
201934,0
3355,1
3356,1
3357,1
3358,1
3364,1
3359,1
201935,0
201931,0
201933,0
201549,0
3402,1
3404,1
201546,0
201547,0
201548,0
201550,0
201551,0
3403,1
3405,1
3400,1
3401,1
3408,1
201917,0
201910,0
201908,0
201909,0
201911,0
201912,0
201913,0
201915,0
201916,0
3418,1
3412,1
3416,1
3407,1
3415,1
3414,1
201914,0
3411,1
3410,1
3432,1
201414,0
3426,1
3430,1
3450,1
3423,1
201426,0
3424,1
201430,0
201412,0
201413,0
201415,0
201416,0
201417,0
201418,0
201419,0
201420,0
201421,0
201423,0
201424,0
201425,0
201427,0
201428,0
201429,0
201431,0
201432,0
201433,0
3441,1
3436,1
201422,0
3435,1
3434,1
3445,1
3444,1
3443,1
3442,1
3440,1
3438,1
3422,1
3446,1
3437,1
3428,1
3447,1
3449,1
3451,1
3452,1
3453,1
202050,0
202052,0
202053,0
202051,0
3454,1
3455,1
201834,0
201943,0
201945,0
201942,0
201944,0
3459,1
3457,1
3460,1
3458,1
3456,1
201941,0
3463,1
3462,1
201998,0
202000,0
202001,0
3464,1
201999,0
3461,1
3478,1
3482,1
3474,1
201446,0
201438,0
201434,0
3481,1
3471,1
201435,0
201436,0
201437,0
201439,0
201440,0
201441,0
201443,0
201444,0
201445,0
201447,0
201448,0
201449,0
201450,0
201451,0
201452,0
201453,0
3473,1
3485,1
3472,1
3480,1
3470,1
3469,1
3475,1
3477,1
3465,1
3484,1
3476,1
3479,1
3468,1
3483,1
201454,0
3467,1
201442,0
3466,1
3493,1
3490,1
3492,1
3489,1
3508,1
3491,1
201455,0
201456,0
201457,0
201459,0
201460,0
201461,0
201463,0
201464,0
201465,0
201466,0
201467,0
201468,0
201469,0
201471,0
201472,0
201473,0
201475,0
201476,0
201477,0
3501,1
201474,0
3509,1
201478,0
3507,1
201470,0
201462,0
201458,0
3506,1
3502,1
3500,1
3494,1
3496,1
3495,1
3499,1
3488,1
3487,1
3505,1
3498,1
3503,1
3497,1
3486,1
3504,1
3515,1
3525,1
3512,1
3514,1
3524,1
201479,0
201480,0
3513,1
201481,0
201482,0
201483,0
201484,0
201485,0
201487,0
201488,0
201489,0
201491,0
201492,0
201493,0
201495,0
201496,0
201497,0
201498,0
201499,0
201500,0
201501,0
201503,0
3511,1
3523,1
201502,0
201494,0
3531,1
3526,1
3510,1
3522,1
3520,1
201486,0
3519,1
3516,1
3529,1
3527,1
3528,1
3532,1
3533,1
3534,1
3518,1
3521,1
201490,0
3530,1
3517,1
223354,1
223356,1
223358,1
223360,1
223362,1
223364,1
223366,1
223368,1
223370,1
223221,0
223355,0
223367,0
223353,0
223369,0
223351,0
223359,0
223357,0
223365,0
223361,0
223363,0
223341,0
223289,0
223123,0
223121,0
223343,0
223323,0
223349,0
223345,0
223125,0
223325,0
223335,0
223337,0
223339,0
223191,0
223327,0
223333,0
223161,0
223329,0
223331,0
223291,0
223319,0
223321,0
223209,0
223311,0
223317,0
223211,0
223313,0
223315,0
223303,0
223305,0
223195,0
223217,0
223295,0
223293,0
223301,0
223219,0
223297,0
223299,0
223259,0
223287,0
223279,0
223277,0
223285,0
223281,0
223271,0
223263,0
223255,0
223309,0
223247,0
223239,0
223201,0
223231,0
223215,0
223207,0
223199,0
223181,0
223183,0
223165,0
223167,0
223159,0
223151,0
223133,0
223135,0
223141,0
223137,0
223139,0
223223,0
223127,0
223129,0
223241,0
223267,0
223275,0
223273,0
223130,1
223169,0
223171,0
223173,0
223251,0
223227,0
223153,0
223145,0
223147,0
223179,0
223143,0
223149,0
223155,0
223187,0
223185,0
223189,0
223163,0
223203,0
223213,0
223249,0
223265,0
223253,0
223245,0
223257,0
223177,0
223261,0
223283,0
223347,0
223175,0
223307,0
223235,0
223233,0
223122,1
223124,1
223126,1
223128,1
223132,1
223134,1
223136,1
223138,1
223140,1
223142,1
223144,1
223197,0
223146,1
223148,1
223150,1
223152,1
223157,0
223154,1
223156,1
223158,1
223160,1
223162,1
223164,1
223237,0
223166,1
223168,1
223170,1
223172,1
223174,1
223176,1
223225,0
223178,1
223180,1
223182,1
223184,1
223186,1
223188,1
223190,1
223192,1
223269,0
223194,1
223196,1
223198,1
223229,0
223200,1
223202,1
223204,1
223206,1
223208,1
223210,1
223212,1
223214,1
223243,0
223216,1
223218,1
223220,1
223222,1
223224,1
223226,1
223228,1
223230,1
223232,1
223234,1
223236,1
223238,1
223240,1
223242,1
223244,1
223246,1
223248,1
223250,1
223252,1
223254,1
223256,1
223258,1
223260,1
223262,1
223264,1
223266,1
223268,1
223270,1
223272,1
223274,1
223276,1
223278,1
223131,0
223280,1
223282,1
223284,1
223286,1
223288,1
223205,0
223290,1
223292,1
223294,1
223296,1
223298,1
223300,1
223302,1
223304,1
223193,0
223306,1
223308,1
223310,1
223312,1
223314,1
223316,1
223318,1
223320,1
223322,1
223324,1
223326,1
223328,1
223330,1
223332,1
223334,1
223336,1
223338,1
223340,1
223342,1
223344,1
223346,1
223348,1
223350,1
223352,1
201861,0
201863,0
201865,0
201867,0
201868,0
201869,0
201871,0
201872,0
201873,0
201870,0
3556,1
3553,1
3558,1
3554,1
3550,1
3551,1
3555,1
3557,1
3559,1
3560,1
3563,1
201866,0
3562,1
3561,1
201864,0
3552,1
201862,0
201860,0
4217,1
4214,1
4221,1
4220,1
4219,1
202064,0
202067,0
202066,0
202065,0
202063,0
202072,0
4223,1
4222,1
4225,1
202068,0
202071,0
202070,0
202069,0
4224,1
4204,1
4206,1
4205,1
202054,0
202056,0
202055,0
202059,0
4209,1
4208,1
4207,1
202057,0
202058,0
202060,0
4210,1
4212,1
4211,1
202061,0
202062,0
4230,1
4227,1
4229,1
4231,1
4228,1
4226,1
202078,0
202074,0
202077,0
202075,0
202076,0
202073,0
4235,1
4234,1
4233,1
4232,1
4237,1
202082,0
202079,0
202083,0
202084,0
202080,0
202081,0
4236,1
4243,1
4238,1
4240,1
4239,1
202090,0
202089,0
202086,0
202087,0
202088,0
202085,0
4241,1
4242,1
202097,0
4248,1
4245,1
4247,1
4244,1
202091,0
202092,0
202095,0
202096,0
202094,0
202093,0
4246,1
4249,1
4252,1
4251,1
4253,1
4254,1
202102,0
202100,0
202101,0
202098,0
202099,0
4250,1
4257,1
4255,1
4256,1
202103,0
202106,0
202104,0
202105,0
4259,1
202107,0
4258,1
4262,1
4260,1
4261,1
4264,1
4263,1
202112,0
202108,0
202110,0
202109,0
202111,0
4265,1
202113,0
202114,0
202115,0
202116,0
202117,0
4266,1
4269,1
4268,1
4267,1
202121,0
202123,0
202124,0
4273,1
4272,1
4274,1
202122,0
4270,1
202120,0
4276,1
4275,1
202119,0
202118,0
4271,1
202128,0
202125,0
202126,0
202129,0
202127,0
4283,1
202130,0
4278,1
4277,1
4279,1
4282,1
202131,0
4281,1
4280,1
4289,1
202138,0
202137,0
202132,0
202135,0
202133,0
202134,0
4288,1
4286,1
4287,1
4290,1
4284,1
202136,0
4285,1
4291,1
202146,0
202144,0
202145,0
202141,0
4293,1
4292,1
4294,1
4295,1
202142,0
202140,0
4296,1
202143,0
4297,1
202139,0
4298,1
202148,0
202147,0
202149,0
4299,1
4300,1
202150,0
202151,0
202152,0
4303,1
4302,1
4301,1
4304,1
202155,0
202154,0
202153,0
4305,1
4306,1
202156,0
202157,0
202158,0
4307,1
4308,1
4309,1
202171,0
4323,1
202172,0
202173,0
4322,1
4324,1
4325,1
202176,0
202174,0
202175,0
4327,1
4326,1
202180,0
4330,1
4329,1
202177,0
202178,0
202179,0
4328,1
4313,1
202159,0
202161,0
202162,0
202160,0
4312,1
4311,1
4310,1
4314,1
202164,0
202165,0
202166,0
202163,0
4316,1
4317,1
4315,1
4319,1
202169,0
202170,0
202167,0
4320,1
4318,1
4321,1
202168,0
4334,1
4332,1
202181,0
202182,0
202183,0
202184,0
4333,1
4331,1
202187,0
202188,0
202185,0
202186,0
4336,1
4335,1
4338,1
4337,1
4342,1
202190,0
202189,0
202191,0
202192,0
4339,1
4341,1
4340,1
